timestamp,value
0.000000,117.0
0.002778,116.0
0.005556,105.0
0.008333,97.0
0.011111,100.0
0.013889,115.0
0.016667,131.0
0.019444,136.0
0.022222,144.0
0.025000,150.0
0.027778,151.0
0.030556,149.0
0.033333,143.0
0.036111,141.0
0.038889,142.0
0.041667,145.0
0.044444,150.0
0.047222,152.0
0.050000,146.0
0.052778,137.0
0.055556,128.0
0.058333,125.0
0.061111,129.0
0.063889,138.0
0.066667,151.0
0.069444,166.0
0.072222,177.0
0.075000,190.0
0.077778,204.0
0.080556,223.0
0.083333,244.0
0.086111,265.0
0.088889,283.0
0.091667,299.0
0.094444,314.0
0.097222,328.0
0.100000,341.0
0.102778,351.0
0.105556,359.0
0.108333,367.0
0.111111,373.0
0.113889,374.0
0.116667,370.0
0.119444,361.0
0.122222,348.0
0.125000,332.0
0.127778,311.0
0.130556,290.0
0.133333,270.0
0.136111,252.0
0.138889,234.0
0.141667,217.0
0.144444,199.0
0.147222,185.0
0.150000,174.0
0.152778,167.0
0.155556,164.0
0.158333,163.0
0.161111,165.0
0.163889,167.0
0.166667,169.0
0.169444,169.0
0.172222,165.0
0.175000,160.0
0.177778,155.0
0.180556,150.0
0.183333,147.0
0.186111,144.0
0.188889,140.0
0.191667,134.0
0.194444,126.0
0.197222,122.0
0.200000,121.0
0.202778,126.0
0.205556,133.0
0.208333,143.0
0.211111,157.0
0.213889,172.0
0.216667,185.0
0.219444,196.0
0.222222,200.0
0.225000,198.0
0.227778,194.0
0.230556,186.0
0.233333,174.0
0.236111,158.0
0.238889,139.0
0.241667,121.0
0.244444,106.0
0.247222,90.0
0.250000,77.0
0.252778,66.0
0.255556,57.0
0.258333,52.0
0.261111,47.0
0.263889,44.0
0.266667,43.0
0.269444,40.0
0.272222,37.0
0.275000,37.0
0.277778,38.0
0.280556,40.0
0.283333,41.0
0.286111,37.0
0.288889,28.0
0.291667,11.0
0.294444,-18.0
0.297222,-54.0
0.300000,-93.0
0.302778,-123.0
0.305556,-131.0
0.308333,-98.0
0.311111,-15.0
0.313889,128.0
0.316667,331.0
0.319444,602.0
0.322222,907.0
0.325000,1191.0
0.327778,1410.0
0.330556,1561.0
0.333333,1628.0
0.336111,1573.0
0.338889,1395.0
0.341667,1126.0
0.344444,823.0
0.347222,525.0
0.350000,246.0
0.352778,-1.0
0.355556,-180.0
0.358333,-293.0
0.361111,-350.0
0.363889,-356.0
0.366667,-321.0
0.369444,-272.0
0.372222,-220.0
0.375000,-171.0
0.377778,-134.0
0.380556,-108.0
0.383333,-94.0
0.386111,-91.0
0.388889,-91.0
0.391667,-93.0
0.394444,-96.0
0.397222,-98.0
0.400000,-98.0
0.402778,-96.0
0.405556,-93.0
0.408333,-92.0
0.411111,-91.0
0.413889,-89.0
0.416667,-86.0
0.419444,-83.0
0.422222,-80.0
0.425000,-73.0
0.427778,-66.0
0.430556,-59.0
0.433333,-54.0
0.436111,-51.0
0.438889,-48.0
0.441667,-46.0
0.444444,-46.0
0.447222,-43.0
0.450000,-41.0
0.452778,-41.0
0.455556,-39.0
0.458333,-39.0
0.461111,-36.0
0.463889,-31.0
0.466667,-26.0
0.469444,-20.0
0.472222,-13.0
0.475000,-6.0
0.477778,2.0
0.480556,12.0
0.483333,23.0
0.486111,35.0
0.488889,48.0
0.491667,61.0
0.494444,76.0
0.497222,94.0
0.500000,109.0
0.502778,125.0
0.505556,142.0
0.508333,160.0
0.511111,180.0
0.513889,196.0
0.516667,206.0
0.519444,215.0
0.522222,223.0
0.525000,228.0
0.527778,228.0
0.530556,224.0
0.533333,213.0
0.536111,199.0
0.538889,184.0
0.541667,167.0
0.544444,150.0
0.547222,133.0
0.550000,116.0
0.552778,100.0
0.555556,84.0
0.558333,69.0
0.561111,54.0
0.563889,41.0
0.566667,27.0
0.569444,14.0
0.572222,2.0
0.575000,-8.0
0.577778,-18.0
0.580556,-24.0
0.583333,-28.0
0.586111,-29.0
0.588889,-30.0
0.591667,-28.0
0.594444,-27.0
0.597222,-26.0
0.600000,-26.0
0.602778,-28.0
0.605556,-31.0
0.608333,-35.0
0.611111,-38.0
0.613889,-37.0
0.616667,-32.0
0.619444,-21.0
0.622222,-4.0
0.625000,15.0
0.627778,36.0
0.630556,58.0
0.633333,75.0
0.636111,88.0
0.638889,94.0
0.641667,95.0
0.644444,91.0
0.647222,81.0
0.650000,66.0
0.652778,46.0
0.655556,24.0
0.658333,3.0
0.661111,-16.0
0.663889,-35.0
0.666667,-50.0
0.669444,-62.0
0.672222,-70.0
0.675000,-73.0
0.677778,-75.0
0.680556,-74.0
0.683333,-71.0
0.686111,-94.0
0.688889,-110.0
0.691667,-106.0
0.694444,-65.0
0.697222,-39.0
0.700000,-47.0
0.702778,-95.0
0.705556,-139.0
0.708333,-175.0
0.711111,-198.0
0.713889,-217.0
0.716667,-216.0
0.719444,-180.0
0.722222,-99.0
0.725000,37.0
0.727778,225.0
0.730556,470.0
0.733333,745.0
0.736111,971.0
0.738889,1162.0
0.741667,1338.0
0.744444,1404.0
0.747222,1364.0
0.750000,1210.0
0.752778,953.0
0.755556,685.0
0.758333,398.0
0.761111,76.0
0.763889,-183.0
0.766667,-383.0
0.769444,-518.0
0.772222,-574.0
0.775000,-567.0
0.777778,-523.0
0.780556,-457.0
0.783333,-384.0
0.786111,-316.0
0.788889,-257.0
0.791667,-213.0
0.794444,-185.0
0.797222,-170.0
0.800000,-162.0
0.802778,-160.0
0.805556,-157.0
0.808333,-153.0
0.811111,-150.0
0.813889,-148.0
0.816667,-146.0
0.819444,-142.0
0.822222,-137.0
0.825000,-131.0
0.827778,-124.0
0.830556,-119.0
0.833333,-117.0
0.836111,-115.0
0.838889,-113.0
0.841667,-112.0
0.844444,-109.0
0.847222,-106.0
0.850000,-102.0
0.852778,-97.0
0.855556,-91.0
0.858333,-85.0
0.861111,-78.0
0.863889,-73.0
0.866667,-66.0
0.869444,-62.0
0.872222,-60.0
0.875000,-58.0
0.877778,-55.0
0.880556,-49.0
0.883333,-42.0
0.886111,-36.0
0.888889,-29.0
0.891667,-21.0
0.894444,-13.0
0.897222,-4.0
0.900000,4.0
0.902778,15.0
0.905556,25.0
0.908333,38.0
0.911111,54.0
0.913889,73.0
0.916667,94.0
0.919444,116.0
0.922222,139.0
0.925000,161.0
0.927778,177.0
0.930556,190.0
0.933333,200.0
0.936111,207.0
0.938889,209.0
0.941667,207.0
0.944444,200.0
0.947222,191.0
0.950000,178.0
0.952778,163.0
0.955556,144.0
0.958333,125.0
0.961111,106.0
0.963889,89.0
0.966667,73.0
0.969444,60.0
0.972222,47.0
0.975000,36.0
0.977778,27.0
0.980556,17.0
0.983333,7.0
0.986111,0.0
0.988889,-3.0
0.991667,-5.0
0.994444,-4.0
0.997222,-1.0
1.000000,5.0
1.002778,22.0
1.005556,38.0
1.008333,45.0
1.011111,43.0
1.013889,34.0
1.016667,27.0
1.019444,28.0
1.022222,27.0
1.025000,33.0
1.027778,44.0
1.030556,65.0
1.033333,90.0
1.036111,115.0
1.038889,134.0
1.041667,145.0
1.044444,149.0
1.047222,153.0
1.050000,153.0
1.052778,152.0
1.055556,145.0
1.058333,130.0
1.061111,109.0
1.063889,85.0
1.066667,62.0
1.069444,41.0
1.072222,22.0
1.075000,6.0
1.077778,-5.0
1.080556,-14.0
1.083333,-16.0
1.086111,-14.0
1.088889,-13.0
1.091667,-12.0
1.094444,-11.0
1.097222,-9.0
1.100000,-5.0
1.102778,-2.0
1.105556,0.0
1.108333,-3.0
1.111111,-12.0
1.113889,-27.0
1.116667,-49.0
1.119444,-76.0
1.122222,-102.0
1.125000,-121.0
1.127778,-127.0
1.130556,-111.0
1.133333,-61.0
1.136111,33.0
1.138889,176.0
1.141667,382.0
1.144444,616.0
1.147222,833.0
1.150000,1056.0
1.152778,1285.0
1.155556,1420.0
1.158333,1454.0
1.161111,1360.0
1.163889,1179.0
1.166667,955.0
1.169444,670.0
1.172222,324.0
1.175000,23.0
1.177778,-223.0
1.180556,-400.0
1.183333,-510.0
1.186111,-559.0
1.188889,-553.0
1.191667,-509.0
1.194444,-441.0
1.197222,-364.0
1.200000,-285.0
1.202778,-215.0
1.205556,-155.0
1.208333,-112.0
1.211111,-84.0
1.213889,-68.0
1.216667,-57.0
1.219444,-52.0
1.222222,-49.0
1.225000,-47.0
1.227778,-43.0
1.230556,-39.0
1.233333,-31.0
1.236111,-25.0
1.238889,-18.0
1.241667,-11.0
1.244444,-4.0
1.247222,0.0
1.250000,2.0
1.252778,1.0
1.255556,0.0
1.258333,0.0
1.261111,0.0
1.263889,-1.0
1.266667,0.0
1.269444,0.0
1.272222,2.0
1.275000,5.0
1.277778,4.0
1.280556,5.0
1.283333,5.0
1.286111,4.0
1.288889,4.0
1.291667,5.0
1.294444,7.0
1.297222,14.0
1.300000,23.0
1.302778,33.0
1.305556,43.0
1.308333,51.0
1.311111,63.0
1.313889,75.0
1.316667,86.0
1.319444,100.0
1.322222,115.0
1.325000,132.0
1.327778,151.0
1.330556,168.0
1.333333,186.0
1.336111,206.0
1.338889,228.0
1.341667,249.0
1.344444,267.0
1.347222,283.0
1.350000,295.0
1.352778,304.0
1.355556,304.0
1.358333,299.0
1.361111,291.0
1.363889,279.0
1.366667,263.0
1.369444,247.0
1.372222,227.0
1.375000,206.0
1.377778,186.0
1.380556,165.0
1.383333,146.0
1.386111,129.0
1.388889,113.0
1.391667,101.0
1.394444,91.0
1.397222,82.0
1.400000,76.0
1.402778,73.0
1.405556,72.0
1.408333,74.0
1.411111,78.0
1.413889,84.0
1.416667,90.0
1.419444,93.0
1.422222,95.0
1.425000,95.0
1.427778,92.0
1.430556,91.0
1.433333,91.0
1.436111,95.0
1.438889,103.0
1.441667,116.0
1.444444,132.0
1.447222,151.0
1.450000,169.0
1.452778,186.0
1.455556,197.0
1.458333,201.0
1.461111,201.0
1.463889,196.0
1.466667,186.0
1.469444,171.0
1.472222,151.0
1.475000,128.0
1.477778,106.0
1.480556,85.0
1.483333,66.0
1.486111,49.0
1.488889,35.0
1.491667,23.0
1.494444,15.0
1.497222,10.0
1.500000,8.0
1.502778,7.0
1.505556,6.0
1.508333,6.0
1.511111,5.0
1.513889,3.0
1.516667,2.0
1.519444,-3.0
1.522222,-13.0
1.525000,-31.0
1.527778,-55.0
1.530556,-83.0
1.533333,-114.0
1.536111,-144.0
1.538889,-164.0
1.541667,-164.0
1.544444,-130.0
1.547222,-53.0
1.550000,78.0
1.552778,280.0
1.555556,516.0
1.558333,768.0
1.561111,1043.0
1.563889,1317.0
1.566667,1546.0
1.569444,1653.0
1.572222,1622.0
1.575000,1487.0
1.577778,1270.0
1.580556,965.0
1.583333,604.0
1.586111,236.0
1.588889,-63.0
1.591667,-288.0
1.594444,-435.0
1.597222,-508.0
1.600000,-514.0
1.602778,-476.0
1.605556,-416.0
1.608333,-346.0
1.611111,-279.0
1.613889,-223.0
1.616667,-180.0
1.619444,-151.0
1.622222,-135.0
1.625000,-125.0
1.627778,-121.0
1.630556,-118.0
1.633333,-114.0
1.636111,-110.0
1.638889,-105.0
1.641667,-101.0
1.644444,-97.0
1.647222,-95.0
1.650000,-92.0
1.652778,-90.0
1.655556,-112.0
1.658333,-128.0
1.661111,-124.0
1.663889,-82.0
1.666667,-46.0
1.669444,-35.0
1.672222,-54.0
1.675000,-61.0
1.677778,-62.0
1.680556,-53.0
1.683333,-53.0
1.686111,-53.0
1.688889,-54.0
1.691667,-54.0
1.694444,-54.0
1.697222,-53.0
1.700000,-52.0
1.702778,-50.0
1.705556,-48.0
1.708333,-46.0
1.711111,-42.0
1.713889,-39.0
1.716667,-34.0
1.719444,-28.0
1.722222,-19.0
1.725000,-9.0
1.727778,2.0
1.730556,17.0
1.733333,33.0
1.736111,49.0
1.738889,66.0
1.741667,83.0
1.744444,98.0
1.747222,113.0
1.750000,130.0
1.752778,149.0
1.755556,166.0
1.758333,181.0
1.761111,192.0
1.763889,200.0
1.766667,203.0
1.769444,199.0
1.772222,189.0
1.775000,176.0
1.777778,159.0
1.780556,140.0
1.783333,121.0
1.786111,104.0
1.788889,88.0
1.791667,73.0
1.794444,63.0
1.797222,53.0
1.800000,46.0
1.802778,40.0
1.805556,34.0
1.808333,30.0
1.811111,28.0
1.813889,25.0
1.816667,23.0
1.819444,22.0
1.822222,21.0
1.825000,18.0
1.827778,15.0
1.830556,11.0
1.833333,5.0
1.836111,0.0
1.838889,-7.0
1.841667,-12.0
1.844444,-15.0
1.847222,-15.0
1.850000,-12.0
1.852778,-5.0
1.855556,6.0
1.858333,22.0
1.861111,38.0
1.863889,54.0
1.866667,65.0
1.869444,70.0
1.872222,69.0
1.875000,63.0
1.877778,49.0
1.880556,30.0
1.883333,7.0
1.886111,-16.0
1.888889,-40.0
1.891667,-66.0
1.894444,-88.0
1.897222,-105.0
1.900000,-119.0
1.902778,-129.0
1.905556,-134.0
1.908333,-137.0
1.911111,-138.0
1.913889,-139.0
1.916667,-141.0
1.919444,-140.0
1.922222,-139.0
1.925000,-139.0
1.927778,-139.0
1.930556,-144.0
1.933333,-156.0
1.936111,-176.0
1.938889,-204.0
1.941667,-239.0
1.944444,-278.0
1.947222,-313.0
1.950000,-333.0
1.952778,-322.0
1.955556,-263.0
1.958333,-145.0
1.961111,40.0
1.963889,310.0
1.966667,632.0
1.969444,965.0
1.972222,1268.0
1.975000,1495.0
1.977778,1639.0
1.980556,1660.0
1.983333,1528.0
1.986111,1283.0
1.988889,961.0
1.991667,606.0
1.994444,265.0
1.997222,-51.0
2.000000,-308.0
2.002778,-491.0
2.005556,-597.0
2.008333,-627.0
2.011111,-597.0
2.013889,-540.0
2.016667,-478.0
2.019444,-417.0
2.022222,-362.0
2.025000,-324.0
2.027778,-305.0
2.030556,-301.0
2.033333,-304.0
2.036111,-306.0
2.038889,-305.0
2.041667,-302.0
2.044444,-298.0
2.047222,-297.0
2.050000,-299.0
2.052778,-298.0
2.055556,-295.0
2.058333,-290.0
2.061111,-282.0
2.063889,-276.0
2.066667,-268.0
2.069444,-262.0
2.072222,-254.0
2.075000,-249.0
2.077778,-246.0
2.080556,-245.0
2.083333,-245.0
2.086111,-247.0
2.088889,-246.0
2.091667,-245.0
2.094444,-242.0
2.097222,-237.0
2.100000,-232.0
2.102778,-227.0
2.105556,-222.0
2.108333,-219.0
2.111111,-215.0
2.113889,-210.0
2.116667,-203.0
2.119444,-197.0
2.122222,-189.0
2.125000,-182.0
2.127778,-173.0
2.130556,-162.0
2.133333,-149.0
2.136111,-135.0
2.138889,-122.0
2.141667,-105.0
2.144444,-88.0
2.147222,-69.0
2.150000,-50.0
2.152778,-32.0
2.155556,-13.0
2.158333,6.0
2.161111,24.0
2.163889,41.0
2.166667,57.0
2.169444,68.0
2.172222,75.0
2.175000,78.0
2.177778,77.0
2.180556,72.0
2.183333,64.0
2.186111,53.0
2.188889,41.0
2.191667,28.0
2.194444,16.0
2.197222,4.0
2.200000,-6.0
2.202778,-15.0
2.205556,-22.0
2.208333,-28.0
2.211111,-34.0
2.213889,-40.0
2.216667,-45.0
2.219444,-49.0
2.222222,-52.0
2.225000,-59.0
2.227778,-62.0
2.230556,-64.0
2.233333,-63.0
2.236111,-60.0
2.238889,-55.0
2.241667,-50.0
2.244444,-42.0
2.247222,-38.0
2.250000,-36.0
2.252778,-36.0
2.255556,-39.0
2.258333,-42.0
2.261111,-42.0
2.263889,-39.0
2.266667,-34.0
2.269444,-25.0
2.272222,-9.0
2.275000,12.0
2.277778,35.0
2.280556,54.0
2.283333,67.0
2.286111,73.0
2.288889,71.0
2.291667,61.0
2.294444,43.0
2.297222,20.0
2.300000,-5.0
2.302778,-31.0
2.305556,-57.0
2.308333,-82.0
2.311111,-101.0
2.313889,-115.0
2.316667,-122.0
2.319444,-126.0
2.322222,-124.0
2.325000,-119.0
2.327778,-113.0
2.330556,-109.0
2.333333,-106.0
2.336111,-104.0
2.338889,-103.0
2.341667,-102.0
2.344444,-105.0
2.347222,-116.0
2.350000,-136.0
2.352778,-164.0
2.355556,-199.0
2.358333,-236.0
2.361111,-270.0
2.363889,-292.0
2.366667,-287.0
2.369444,-242.0
2.372222,-146.0
2.375000,14.0
2.377778,235.0
2.380556,529.0
2.383333,814.0
2.386111,1050.0
2.388889,1247.0
2.391667,1424.0
2.394444,1521.0
2.397222,1495.0
2.400000,1325.0
2.402778,1076.0
2.405556,807.0
2.408333,513.0
2.411111,186.0
2.413889,-118.0
2.416667,-354.0
2.419444,-510.0
2.422222,-573.0
2.425000,-572.0
2.427778,-525.0
2.430556,-462.0
2.433333,-395.0
2.436111,-326.0
2.438889,-269.0
2.441667,-228.0
2.444444,-205.0
2.447222,-194.0
2.450000,-186.0
2.452778,-180.0
2.455556,-176.0
2.458333,-171.0
2.461111,-168.0
2.463889,-165.0
2.466667,-162.0
2.469444,-158.0
2.472222,-153.0
2.475000,-148.0
2.477778,-142.0
2.480556,-137.0
2.483333,-133.0
2.486111,-128.0
2.488889,-123.0
2.491667,-116.0
2.494444,-111.0
2.497222,-107.0
2.500000,-105.0
2.502778,-104.0
2.505556,-105.0
2.508333,-105.0
2.511111,-106.0
2.513889,-105.0
2.516667,-102.0
2.519444,-98.0
2.522222,-96.0
2.525000,-94.0
2.527778,-92.0
2.530556,-90.0
2.533333,-86.0
2.536111,-85.0
2.538889,-86.0
2.541667,-86.0
2.544444,-84.0
2.547222,-80.0
2.550000,-69.0
2.552778,-55.0
2.555556,-39.0
2.558333,-26.0
2.561111,-15.0
2.563889,-4.0
2.566667,11.0
2.569444,29.0
2.572222,48.0
2.575000,67.0
2.577778,84.0
2.580556,99.0
2.583333,110.0
2.586111,117.0
2.588889,120.0
2.591667,118.0
2.594444,111.0
2.597222,103.0
2.600000,93.0
2.602778,80.0
2.605556,66.0
2.608333,51.0
2.611111,36.0
2.613889,21.0
2.616667,6.0
2.619444,-4.0
2.622222,-14.0
2.625000,-38.0
2.627778,-57.0
2.630556,-63.0
2.633333,-44.0
2.636111,-26.0
2.638889,-23.0
2.641667,-39.0
2.644444,-49.0
2.647222,-52.0
2.650000,-46.0
2.652778,-40.0
2.655556,-34.0
2.658333,-28.0
2.661111,-24.0
2.663889,-22.0
2.666667,-24.0
2.669444,-29.0
2.672222,-33.0
2.675000,-33.0
2.677778,-27.0
2.680556,-16.0
2.683333,0.0
2.686111,18.0
2.688889,41.0
2.691667,62.0
2.694444,79.0
2.697222,89.0
2.700000,93.0
2.702778,90.0
2.705556,82.0
2.708333,65.0
2.711111,41.0
2.713889,13.0
2.716667,-15.0
2.719444,-42.0
2.722222,-66.0
2.725000,-86.0
2.727778,-102.0
2.730556,-113.0
2.733333,-118.0
2.736111,-120.0
2.738889,-119.0
2.741667,-115.0
2.744444,-111.0
2.747222,-107.0
2.750000,-103.0
2.752778,-101.0
2.755556,-103.0
2.758333,-109.0
2.761111,-123.0
2.763889,-144.0
2.766667,-173.0
2.769444,-205.0
2.772222,-234.0
2.775000,-257.0
2.777778,-269.0
2.780556,-257.0
2.783333,-212.0
2.786111,-122.0
2.788889,23.0
2.791667,224.0
2.794444,485.0
2.797222,751.0
2.800000,1025.0
2.802778,1250.0
2.805556,1384.0
2.808333,1406.0
2.811111,1319.0
2.813889,1117.0
2.816667,851.0
2.819444,516.0
2.822222,175.0
2.825000,-123.0
2.827778,-361.0
2.830556,-541.0
2.833333,-658.0
2.836111,-713.0
2.838889,-710.0
2.841667,-668.0
2.844444,-602.0
2.847222,-525.0
2.850000,-449.0
2.852778,-384.0
2.855556,-332.0
2.858333,-298.0
2.861111,-278.0
2.863889,-265.0
2.866667,-257.0
2.869444,-248.0
2.872222,-239.0
2.875000,-230.0
2.877778,-222.0
2.880556,-215.0
2.883333,-208.0
2.886111,-201.0
2.888889,-193.0
2.891667,-184.0
2.894444,-176.0
2.897222,-169.0
2.900000,-163.0
2.902778,-156.0
2.905556,-147.0
2.908333,-138.0
2.911111,-130.0
2.913889,-124.0
2.916667,-121.0
2.919444,-118.0
2.922222,-115.0
2.925000,-115.0
2.927778,-113.0
2.930556,-113.0
2.933333,-112.0
2.936111,-111.0
2.938889,-110.0
2.941667,-109.0
2.944444,-104.0
2.947222,-100.0
2.950000,-94.0
2.952778,-87.0
2.955556,-79.0
2.958333,-68.0
2.961111,-52.0
2.963889,-35.0
2.966667,-16.0
2.969444,4.0
2.972222,24.0
2.975000,45.0
2.977778,65.0
2.980556,86.0
2.983333,108.0
2.986111,131.0
2.988889,155.0
2.991667,180.0
2.994444,203.0
2.997222,222.0
3.000000,242.0
3.002778,255.0
3.005556,258.0
3.008333,251.0
3.011111,233.0
3.013889,215.0
3.016667,201.0
3.019444,185.0
3.022222,166.0
3.025000,150.0
3.027778,136.0
3.030556,127.0
3.033333,118.0
3.036111,106.0
3.038889,92.0
3.041667,79.0
3.044444,69.0
3.047222,62.0
3.050000,57.0
3.052778,52.0
3.055556,47.0
3.058333,41.0
3.061111,41.0
3.063889,44.0
3.066667,49.0
3.069444,56.0
3.072222,66.0
3.075000,76.0
3.077778,84.0
3.080556,85.0
3.083333,83.0
3.086111,79.0
3.088889,79.0
3.091667,82.0
3.094444,92.0
3.097222,105.0
3.100000,118.0
3.102778,131.0
3.105556,144.0
3.108333,153.0
3.111111,158.0
3.113889,157.0
3.116667,150.0
3.119444,140.0
3.122222,125.0
3.125000,103.0
3.127778,78.0
3.130556,51.0
3.133333,24.0
3.136111,-2.0
3.138889,-27.0
3.141667,-49.0
3.144444,-65.0
3.147222,-76.0
3.150000,-80.0
3.152778,-82.0
3.155556,-82.0
3.158333,-83.0
3.161111,-82.0
3.163889,-81.0
3.166667,-80.0
3.169444,-77.0
3.172222,-75.0
3.175000,-77.0
3.177778,-85.0
3.180556,-103.0
3.183333,-128.0
3.186111,-158.0
3.188889,-187.0
3.191667,-211.0
3.194444,-221.0
3.197222,-205.0
3.200000,-152.0
3.202778,-56.0
3.205556,89.0
3.208333,288.0
3.211111,537.0
3.213889,829.0
3.216667,1080.0
3.219444,1279.0
3.222222,1386.0
3.225000,1388.0
3.227778,1285.0
3.230556,1077.0
3.233333,773.0
3.236111,454.0
3.238889,139.0
3.241667,-128.0
3.244444,-337.0
3.247222,-491.0
3.250000,-587.0
3.252778,-626.0
3.255556,-608.0
3.258333,-556.0
3.261111,-485.0
3.263889,-407.0
3.266667,-329.0
3.269444,-257.0
3.272222,-198.0
3.275000,-155.0
3.277778,-129.0
3.280556,-111.0
3.283333,-98.0
3.286111,-88.0
3.288889,-77.0
3.291667,-69.0
3.294444,-60.0
3.297222,-52.0
3.300000,-45.0
3.302778,-40.0
3.305556,-35.0
3.308333,-33.0
3.311111,-32.0
3.313889,-31.0
3.316667,-30.0
3.319444,-29.0
3.322222,-29.0
3.325000,-32.0
3.327778,-34.0
3.330556,-37.0
3.333333,-41.0
3.336111,-42.0
3.338889,-44.0
3.341667,-45.0
3.344444,-48.0
3.347222,-52.0
3.350000,-55.0
3.352778,-57.0
3.355556,-59.0
3.358333,-61.0
3.361111,-63.0
3.363889,-63.0
3.366667,-63.0
3.369444,-63.0
3.372222,-58.0
3.375000,-52.0
3.377778,-44.0
3.380556,-33.0
3.383333,-22.0
3.386111,-11.0
3.388889,2.0
3.391667,17.0
3.394444,36.0
3.397222,57.0
3.400000,80.0
3.402778,102.0
3.405556,125.0
3.408333,148.0
3.411111,169.0
3.413889,186.0
3.416667,200.0
3.419444,209.0
3.422222,214.0
3.425000,213.0
3.427778,209.0
3.430556,203.0
3.433333,196.0
3.436111,186.0
3.438889,173.0
3.441667,158.0
3.444444,141.0
3.447222,127.0
3.450000,112.0
3.452778,99.0
3.455556,88.0
3.458333,79.0
3.461111,70.0
3.463889,61.0
3.466667,50.0
3.469444,43.0
3.472222,39.0
3.475000,38.0
3.477778,38.0
3.480556,40.0
3.483333,43.0
3.486111,48.0
3.488889,53.0
3.491667,58.0
3.494444,59.0
3.497222,60.0
3.500000,60.0
3.502778,62.0
3.505556,66.0
3.508333,73.0
3.511111,81.0
3.513889,93.0
3.516667,105.0
3.519444,116.0
3.522222,125.0
3.525000,131.0
3.527778,128.0
3.530556,122.0
3.533333,112.0
3.536111,99.0
3.538889,82.0
3.541667,61.0
3.544444,37.0
3.547222,17.0
3.550000,-2.0
3.552778,-23.0
3.555556,-44.0
3.558333,-63.0
3.561111,-80.0
3.563889,-92.0
3.566667,-100.0
3.569444,-104.0
3.572222,-105.0
3.575000,-103.0
3.577778,-99.0
3.580556,-96.0
3.583333,-94.0
3.586111,-92.0
3.588889,-95.0
3.591667,-104.0
3.594444,-148.0
3.597222,-192.0
3.600000,-220.0
3.602778,-208.0
3.605556,-193.0
3.608333,-184.0
3.611111,-176.0
3.613889,-117.0
3.616667,-3.0
3.619444,171.0
3.622222,414.0
3.625000,660.0
3.627778,882.0
3.630556,1103.0
3.633333,1297.0
3.636111,1390.0
3.638889,1375.0
3.641667,1214.0
3.644444,987.0
3.647222,723.0
3.650000,405.0
3.652778,64.0
3.655556,-224.0
3.658333,-449.0
3.661111,-594.0
3.663889,-669.0
3.666667,-679.0
3.669444,-642.0
3.672222,-577.0
3.675000,-499.0
3.677778,-418.0
3.680556,-344.0
3.683333,-283.0
3.686111,-242.0
3.688889,-217.0
3.691667,-205.0
3.694444,-200.0
3.697222,-195.0
3.700000,-193.0
3.702778,-192.0
3.705556,-189.0
3.708333,-184.0
3.711111,-177.0
3.713889,-169.0
3.716667,-163.0
3.719444,-157.0
3.722222,-150.0
3.725000,-146.0
3.727778,-144.0
3.730556,-141.0
3.733333,-139.0
3.736111,-138.0
3.738889,-138.0
3.741667,-138.0
3.744444,-138.0
3.747222,-136.0
3.750000,-135.0
3.752778,-133.0
3.755556,-132.0
3.758333,-130.0
3.761111,-130.0
3.763889,-130.0
3.766667,-131.0
3.769444,-132.0
3.772222,-131.0
3.775000,-130.0
3.777778,-129.0
3.780556,-129.0
3.783333,-128.0
3.786111,-124.0
3.788889,-116.0
3.791667,-107.0
3.794444,-94.0
3.797222,-82.0
3.800000,-67.0
3.802778,-52.0
3.805556,-34.0
3.808333,-17.0
3.811111,2.0
3.813889,19.0
3.816667,39.0
3.819444,57.0
3.822222,74.0
3.825000,91.0
3.827778,105.0
3.830556,116.0
3.833333,123.0
3.836111,124.0
3.838889,120.0
3.841667,113.0
3.844444,101.0
3.847222,87.0
3.850000,73.0
3.852778,59.0
3.855556,45.0
3.858333,31.0
3.861111,19.0
3.863889,12.0
3.866667,6.0
3.869444,3.0
3.872222,0.0
3.875000,-4.0
3.877778,-7.0
3.880556,-10.0
3.883333,-13.0
3.886111,-15.0
3.888889,-15.0
3.891667,-13.0
3.894444,-9.0
3.897222,-3.0
3.900000,2.0
3.902778,8.0
3.905556,15.0
3.908333,20.0
3.911111,23.0
3.913889,24.0
3.916667,25.0
3.919444,29.0
3.922222,36.0
3.925000,46.0
3.927778,59.0
3.930556,73.0
3.933333,87.0
3.936111,101.0
3.938889,109.0
3.941667,112.0
3.944444,110.0
3.947222,104.0
3.950000,93.0
3.952778,80.0
3.955556,62.0
3.958333,40.0
3.961111,16.0
3.963889,-6.0
3.966667,-29.0
3.969444,-48.0
3.972222,-65.0
3.975000,-77.0
3.977778,-85.0
3.980556,-88.0
3.983333,-88.0
3.986111,-84.0
3.988889,-79.0
3.991667,-75.0
3.994444,-70.0
3.997222,-65.0
4.000000,-75.0
4.002778,-88.0
4.005556,-103.0
4.008333,-115.0
4.011111,-133.0
4.013889,-161.0
4.016667,-196.0
4.019444,-218.0
4.022222,-227.0
4.025000,-208.0
4.027778,-154.0
4.030556,-50.0
4.033333,117.0
4.036111,373.0
4.038889,649.0
4.041667,945.0
4.044444,1233.0
4.047222,1476.0
4.050000,1644.0
4.052778,1719.0
4.055556,1630.0
4.058333,1451.0
4.061111,1178.0
4.063889,838.0
4.066667,473.0
4.069444,128.0
4.072222,-177.0
4.075000,-392.0
4.077778,-525.0
4.080556,-579.0
4.083333,-572.0
4.086111,-525.0
4.088889,-459.0
4.091667,-391.0
4.094444,-330.0
4.097222,-280.0
4.100000,-245.0
4.102778,-224.0
4.105556,-213.0
4.108333,-209.0
4.111111,-208.0
4.113889,-204.0
4.116667,-199.0
4.119444,-193.0
4.122222,-187.0
4.125000,-182.0
4.127778,-178.0
4.130556,-175.0
4.133333,-174.0
4.136111,-174.0
4.138889,-174.0
4.141667,-172.0
4.144444,-167.0
4.147222,-159.0
4.150000,-152.0
4.152778,-144.0
4.155556,-138.0
4.158333,-131.0
4.161111,-127.0
4.163889,-126.0
4.166667,-125.0
4.169444,-124.0
4.172222,-126.0
4.175000,-128.0
4.177778,-132.0
4.180556,-136.0
4.183333,-137.0
4.186111,-137.0
4.188889,-136.0
4.191667,-133.0
4.194444,-130.0
4.197222,-123.0
4.200000,-116.0
4.202778,-104.0
4.205556,-91.0
4.208333,-74.0
4.211111,-58.0
4.213889,-42.0
4.216667,-28.0
4.219444,-16.0
4.222222,-6.0
4.225000,3.0
4.227778,15.0
4.230556,29.0
4.233333,45.0
4.236111,60.0
4.238889,78.0
4.241667,94.0
4.244444,106.0
4.247222,113.0
4.250000,115.0
4.252778,111.0
4.255556,104.0
4.258333,92.0
4.261111,79.0
4.263889,67.0
4.266667,58.0
4.269444,51.0
4.272222,46.0
4.275000,40.0
4.277778,33.0
4.280556,28.0
4.283333,23.0
4.286111,16.0
4.288889,8.0
4.291667,2.0
4.294444,-3.0
4.297222,-5.0
4.300000,-9.0
4.302778,-10.0
4.305556,-10.0
4.308333,-7.0
4.311111,-5.0
4.313889,0.0
4.316667,5.0
4.319444,13.0
4.322222,19.0
4.325000,25.0
4.327778,29.0
4.330556,32.0
4.333333,31.0
4.336111,29.0
4.338889,27.0
4.341667,29.0
4.344444,33.0
4.347222,42.0
4.350000,55.0
4.352778,70.0
4.355556,87.0
4.358333,102.0
4.361111,114.0
4.363889,122.0
4.366667,122.0
4.369444,117.0
4.372222,106.0
4.375000,91.0
4.377778,73.0
4.380556,55.0
4.383333,36.0
4.386111,17.0
4.388889,0.0
4.391667,-15.0
4.394444,-28.0
4.397222,-36.0
4.400000,-42.0
4.402778,-47.0
4.405556,-47.0
4.408333,-43.0
4.411111,-40.0
4.413889,-36.0
4.416667,-36.0
4.419444,-35.0
4.422222,-35.0
4.425000,-40.0
4.427778,-52.0
4.430556,-70.0
4.433333,-97.0
4.436111,-129.0
4.438889,-163.0
4.441667,-193.0
4.444444,-207.0
4.447222,-196.0
4.450000,-146.0
4.452778,-43.0
4.455556,118.0
4.458333,365.0
4.461111,617.0
4.463889,851.0
4.466667,1086.0
4.469444,1323.0
4.472222,1524.0
4.475000,1601.0
4.477778,1511.0
4.480556,1341.0
4.483333,1118.0
4.486111,829.0
4.488889,479.0
4.491667,111.0
4.494444,-185.0
4.497222,-386.0
4.500000,-501.0
4.502778,-539.0
4.505556,-519.0
4.508333,-466.0
4.511111,-399.0
4.513889,-331.0
4.516667,-272.0
4.519444,-229.0
4.522222,-203.0
4.525000,-191.0
4.527778,-189.0
4.530556,-190.0
4.533333,-190.0
4.536111,-192.0
4.538889,-192.0
4.541667,-190.0
4.544444,-185.0
4.547222,-177.0
4.550000,-171.0
4.552778,-167.0
4.555556,-162.0
4.558333,-159.0
4.561111,-158.0
4.563889,-181.0
4.566667,-200.0
4.569444,-201.0
4.572222,-164.0
4.575000,-132.0
4.577778,-121.0
4.580556,-137.0
4.583333,-145.0
4.586111,-143.0
4.588889,-132.0
4.591667,-130.0
4.594444,-129.0
4.597222,-129.0
4.600000,-128.0
4.602778,-126.0
4.605556,-123.0
4.608333,-120.0
4.611111,-115.0
4.613889,-110.0
4.616667,-103.0
4.619444,-95.0
4.622222,-86.0
4.625000,-74.0
4.627778,-61.0
4.630556,-46.0
4.633333,-32.0
4.636111,-16.0
4.638889,0.0
4.641667,18.0
4.644444,36.0
4.647222,57.0
4.650000,73.0
4.652778,88.0
4.655556,101.0
4.658333,112.0
4.661111,120.0
4.663889,122.0
4.666667,119.0
4.669444,114.0
4.672222,107.0
4.675000,97.0
4.677778,86.0
4.680556,73.0
4.683333,59.0
4.686111,47.0
4.688889,34.0
4.691667,20.0
4.694444,7.0
4.697222,-4.0
4.700000,-13.0
4.702778,-21.0
4.705556,-28.0
4.708333,-34.0
4.711111,-39.0
4.713889,-41.0
4.716667,-44.0
4.719444,-45.0
4.722222,-46.0
4.725000,-48.0
4.727778,-49.0
4.730556,-50.0
4.733333,-51.0
4.736111,-51.0
4.738889,-48.0
4.741667,-46.0
4.744444,-41.0
4.747222,-39.0
4.750000,-37.0
4.752778,-37.0
4.755556,-39.0
4.758333,-43.0
4.761111,-44.0
4.763889,-43.0
4.766667,-36.0
4.769444,-24.0
4.772222,-8.0
4.775000,11.0
4.777778,31.0
4.780556,50.0
4.783333,65.0
4.786111,72.0
4.788889,73.0
4.791667,69.0
4.794444,60.0
4.797222,46.0
4.800000,27.0
4.802778,7.0
4.805556,-13.0
4.808333,-33.0
4.811111,-50.0
4.813889,-65.0
4.816667,-75.0
4.819444,-82.0
4.822222,-85.0
4.825000,-85.0
4.827778,-83.0
4.830556,-81.0
4.833333,-80.0
4.836111,-77.0
4.838889,-75.0
4.841667,-73.0
4.844444,-72.0
4.847222,-76.0
4.850000,-87.0
4.852778,-105.0
4.855556,-133.0
4.858333,-167.0
4.861111,-202.0
4.863889,-233.0
4.866667,-250.0
4.869444,-242.0
4.872222,-195.0
4.875000,-94.0
4.877778,63.0
4.880556,281.0
4.883333,568.0
4.886111,820.0
4.888889,1045.0
4.891667,1259.0
4.894444,1444.0
4.897222,1511.0
4.900000,1453.0
4.902778,1245.0
4.905556,1004.0
4.908333,729.0
4.911111,410.0
4.913889,63.0
4.916667,-218.0
4.919444,-427.0
4.922222,-546.0
4.925000,-589.0
4.927778,-576.0
4.930556,-529.0
4.933333,-468.0
4.936111,-403.0
4.938889,-345.0
4.941667,-297.0
4.944444,-265.0
4.947222,-249.0
4.950000,-243.0
4.952778,-243.0
4.955556,-246.0
4.958333,-248.0
4.961111,-249.0
4.963889,-248.0
4.966667,-245.0
4.969444,-242.0
4.972222,-236.0
4.975000,-228.0
4.977778,-217.0
4.980556,-206.0
4.983333,-195.0
4.986111,-184.0
4.988889,-172.0
4.991667,-160.0
4.994444,-150.0
4.997222,-145.0
5.000000,-136.0
5.002778,-132.0
5.005556,-137.0
5.008333,-148.0
5.011111,-157.0
5.013889,-159.0
5.016667,-150.0
5.019444,-133.0
5.022222,-123.0
5.025000,-127.0
5.027778,-135.0
5.030556,-140.0
5.033333,-131.0
5.036111,-113.0
5.038889,-104.0
5.041667,-96.0
5.044444,-85.0
5.047222,-74.0
5.050000,-60.0
5.052778,-45.0
5.055556,-31.0
5.058333,-16.0
5.061111,0.0
5.063889,18.0
5.066667,38.0
5.069444,58.0
5.072222,77.0
5.075000,94.0
5.077778,111.0
5.080556,124.0
5.083333,133.0
5.086111,139.0
5.088889,139.0
5.091667,137.0
5.094444,132.0
5.097222,122.0
5.100000,112.0
5.102778,100.0
5.105556,87.0
5.108333,75.0
5.111111,64.0
5.113889,52.0
5.116667,42.0
5.119444,33.0
5.122222,26.0
5.125000,20.0
5.127778,15.0
5.130556,12.0
5.133333,12.0
5.136111,11.0
5.138889,11.0
5.141667,12.0
5.144444,12.0
5.147222,12.0
5.150000,11.0
5.152778,9.0
5.155556,11.0
5.158333,11.0
5.161111,14.0
5.163889,17.0
5.166667,21.0
5.169444,24.0
5.172222,25.0
5.175000,25.0
5.177778,25.0
5.180556,27.0
5.183333,30.0
5.186111,38.0
5.188889,50.0
5.191667,67.0
5.194444,87.0
5.197222,110.0
5.200000,133.0
5.202778,155.0
5.205556,170.0
5.208333,179.0
5.211111,182.0
5.213889,179.0
5.216667,171.0
5.219444,158.0
5.222222,139.0
5.225000,119.0
5.227778,98.0
5.230556,75.0
5.233333,55.0
5.236111,35.0
5.238889,17.0
5.241667,3.0
5.244444,-7.0
5.247222,-11.0
5.250000,-8.0
5.252778,-5.0
5.255556,-1.0
5.258333,4.0
5.261111,9.0
5.263889,12.0
5.266667,11.0
5.269444,7.0
5.272222,-4.0
5.275000,-20.0
5.277778,-44.0
5.280556,-73.0
5.283333,-106.0
5.286111,-137.0
5.288889,-162.0
5.291667,-164.0
5.294444,-136.0
5.297222,-66.0
5.300000,55.0
5.302778,232.0
5.305556,468.0
5.308333,753.0
5.311111,987.0
5.313889,1185.0
5.316667,1359.0
5.319444,1508.0
5.322222,1537.0
5.325000,1442.0
5.327778,1225.0
5.330556,978.0
5.333333,707.0
5.336111,400.0
5.338889,67.0
5.341667,-196.0
5.344444,-388.0
5.347222,-501.0
5.350000,-532.0
5.352778,-511.0
5.355556,-457.0
5.358333,-391.0
5.361111,-323.0
5.363889,-258.0
5.366667,-203.0
5.369444,-165.0
5.372222,-141.0
5.375000,-126.0
5.377778,-116.0
5.380556,-111.0
5.383333,-106.0
5.386111,-103.0
5.388889,-100.0
5.391667,-97.0
5.394444,-94.0
5.397222,-92.0
5.400000,-88.0
5.402778,-84.0
5.405556,-78.0
5.408333,-72.0
5.411111,-67.0
5.413889,-61.0
5.416667,-55.0
5.419444,-51.0
5.422222,-48.0
5.425000,-46.0
5.427778,-47.0
5.430556,-48.0
5.433333,-50.0
5.436111,-52.0
5.438889,-51.0
5.441667,-51.0
5.444444,-51.0
5.447222,-47.0
5.450000,-44.0
5.452778,-41.0
5.455556,-38.0
5.458333,-35.0
5.461111,-30.0
5.463889,-22.0
5.466667,-16.0
5.469444,-7.0
5.472222,2.0
5.475000,14.0
5.477778,27.0
5.480556,41.0
5.483333,55.0
5.486111,73.0
5.488889,92.0
5.491667,112.0
5.494444,132.0
5.497222,153.0
5.500000,172.0
5.502778,191.0
5.505556,205.0
5.508333,216.0
5.511111,224.0
5.513889,230.0
5.516667,231.0
5.519444,228.0
5.522222,220.0
5.525000,208.0
5.527778,190.0
5.530556,168.0
5.533333,143.0
5.536111,121.0
5.538889,101.0
5.541667,85.0
5.544444,73.0
5.547222,65.0
5.550000,61.0
5.552778,57.0
5.555556,55.0
5.558333,51.0
5.561111,46.0
5.563889,41.0
5.566667,36.0
5.569444,32.0
5.572222,29.0
5.575000,27.0
5.577778,25.0
5.580556,24.0
5.583333,24.0
5.586111,28.0
5.588889,32.0
5.591667,37.0
5.594444,43.0
5.597222,49.0
5.600000,55.0
5.602778,61.0
5.605556,64.0
5.608333,67.0
5.611111,72.0
5.613889,78.0
5.616667,86.0
5.619444,95.0
5.622222,108.0
5.625000,124.0
5.627778,141.0
5.630556,157.0
5.633333,170.0
5.636111,178.0
5.638889,182.0
5.641667,179.0
5.644444,170.0
5.647222,156.0
5.650000,136.0
5.652778,114.0
5.655556,90.0
5.658333,64.0
5.661111,41.0
5.663889,19.0
5.666667,0.0
5.669444,-14.0
5.672222,-25.0
5.675000,-32.0
5.677778,-34.0
5.680556,-36.0
5.683333,-35.0
5.686111,-32.0
5.688889,-30.0
5.691667,-29.0
5.694444,-28.0
5.697222,-30.0
5.700000,-38.0
5.702778,-53.0
5.705556,-75.0
5.708333,-103.0
5.711111,-135.0
5.713889,-165.0
5.716667,-188.0
5.719444,-190.0
5.722222,-163.0
5.725000,-96.0
5.727778,17.0
5.730556,183.0
5.733333,403.0
5.736111,691.0
5.738889,928.0
5.741667,1131.0
5.744444,1313.0
5.747222,1424.0
5.750000,1425.0
5.752778,1309.0
5.755556,1061.0
5.758333,793.0
5.761111,506.0
5.763889,185.0
5.766667,-113.0
5.769444,-349.0
5.772222,-520.0
5.775000,-618.0
5.777778,-639.0
5.780556,-610.0
5.783333,-546.0
5.786111,-468.0
5.788889,-387.0
5.791667,-311.0
5.794444,-246.0
5.797222,-204.0
5.800000,-176.0
5.802778,-160.0
5.805556,-150.0
5.808333,-142.0
5.811111,-135.0
5.813889,-128.0
5.816667,-121.0
5.819444,-117.0
5.822222,-114.0
5.825000,-112.0
5.827778,-110.0
5.830556,-108.0
5.833333,-105.0
5.836111,-103.0
5.838889,-101.0
5.841667,-101.0
5.844444,-100.0
5.847222,-96.0
5.850000,-91.0
5.852778,-89.0
5.855556,-85.0
5.858333,-83.0
5.861111,-83.0
5.863889,-84.0
5.866667,-85.0
5.869444,-85.0
5.872222,-82.0
5.875000,-78.0
5.877778,-72.0
5.880556,-65.0
5.883333,-59.0
5.886111,-54.0
5.888889,-51.0
5.891667,-48.0
5.894444,-46.0
5.897222,-41.0
5.900000,-34.0
5.902778,-25.0
5.905556,-13.0
5.908333,-1.0
5.911111,10.0
5.913889,26.0
5.916667,41.0
5.919444,58.0
5.922222,77.0
5.925000,96.0
5.927778,115.0
5.930556,133.0
5.933333,147.0
5.936111,157.0
5.938889,164.0
5.941667,166.0
5.944444,163.0
5.947222,157.0
5.950000,147.0
5.952778,135.0
5.955556,120.0
5.958333,102.0
5.961111,84.0
5.963889,67.0
5.966667,53.0
5.969444,40.0
5.972222,29.0
5.975000,21.0
5.977778,13.0
5.980556,6.0
5.983333,-1.0
5.986111,-8.0
5.988889,-15.0
5.991667,-20.0
5.994444,-25.0
5.997222,-30.0
6.000000,-46.0
6.002778,-53.0
6.005556,-51.0
6.008333,-42.0
6.011111,-38.0
6.013889,-37.0
6.016667,-38.0
6.019444,-28.0
6.022222,-21.0
6.025000,-17.0
6.027778,-17.0
6.030556,-20.0
6.033333,-22.0
6.036111,-20.0
6.038889,-17.0
6.041667,-12.0
6.044444,-7.0
6.047222,-1.0
6.050000,10.0
6.052778,27.0
6.055556,45.0
6.058333,61.0
6.061111,72.0
6.063889,75.0
6.066667,73.0
6.069444,67.0
6.072222,57.0
6.075000,43.0
6.077778,26.0
6.080556,5.0
6.083333,-17.0
6.086111,-37.0
6.088889,-55.0
6.091667,-71.0
6.094444,-86.0
6.097222,-97.0
6.100000,-107.0
6.102778,-112.0
6.105556,-115.0
6.108333,-116.0
6.111111,-115.0
6.113889,-114.0
6.116667,-113.0
6.119444,-112.0
6.122222,-112.0
6.125000,-113.0
6.127778,-120.0
6.130556,-135.0
6.133333,-158.0
6.136111,-189.0
6.138889,-224.0
6.141667,-258.0
6.144444,-284.0
6.147222,-287.0
6.150000,-254.0
6.152778,-174.0
6.155556,-34.0
6.158333,164.0
6.161111,429.0
6.163889,730.0
6.166667,977.0
6.169444,1184.0
6.172222,1364.0
6.175000,1494.0
6.177778,1500.0
6.180556,1370.0
6.183333,1126.0
6.186111,858.0
6.188889,569.0
6.191667,247.0
6.194444,-81.0
6.197222,-341.0
6.200000,-522.0
6.202778,-619.0
6.205556,-634.0
6.208333,-601.0
6.211111,-543.0
6.213889,-476.0
6.216667,-409.0
6.219444,-350.0
6.222222,-305.0
6.225000,-275.0
6.227778,-259.0
6.230556,-249.0
6.233333,-243.0
6.236111,-239.0
6.238889,-235.0
6.241667,-229.0
6.244444,-228.0
6.247222,-228.0
6.250000,-226.0
6.252778,-222.0
6.255556,-217.0
6.258333,-211.0
6.261111,-205.0
6.263889,-198.0
6.266667,-191.0
6.269444,-186.0
6.272222,-182.0
6.275000,-179.0
6.277778,-180.0
6.280556,-181.0
6.283333,-182.0
6.286111,-183.0
6.288889,-184.0
6.291667,-187.0
6.294444,-188.0
6.297222,-186.0
6.300000,-183.0
6.302778,-182.0
6.305556,-182.0
6.308333,-182.0
6.311111,-180.0
6.313889,-178.0
6.316667,-178.0
6.319444,-178.0
6.322222,-172.0
6.325000,-165.0
6.327778,-154.0
6.330556,-143.0
6.333333,-130.0
6.336111,-114.0
6.338889,-98.0
6.341667,-84.0
6.344444,-70.0
6.347222,-55.0
6.350000,-40.0
6.352778,-24.0
6.355556,-9.0
6.358333,3.0
6.361111,15.0
6.363889,25.0
6.366667,29.0
6.369444,29.0
6.372222,24.0
6.375000,16.0
6.377778,7.0
6.380556,-4.0
6.383333,-17.0
6.386111,-28.0
6.388889,-37.0
6.391667,-44.0
6.394444,-53.0
6.397222,-59.0
6.400000,-64.0
6.402778,-68.0
6.405556,-72.0
6.408333,-77.0
6.411111,-83.0
6.413889,-89.0
6.416667,-96.0
6.419444,-98.0
6.422222,-100.0
6.425000,-101.0
6.427778,-101.0
6.430556,-100.0
6.433333,-98.0
6.436111,-94.0
6.438889,-94.0
6.441667,-92.0
6.444444,-90.0
6.447222,-86.0
6.450000,-79.0
6.452778,-73.0
6.455556,-68.0
6.458333,-64.0
6.461111,-62.0
6.463889,-60.0
6.466667,-61.0
6.469444,-60.0
6.472222,-56.0
6.475000,-51.0
6.477778,-44.0
6.480556,-33.0
6.483333,-19.0
6.486111,-2.0
6.488889,14.0
6.491667,26.0
6.494444,34.0
6.497222,38.0
6.500000,36.0
6.502778,31.0
6.505556,20.0
6.508333,4.0
6.511111,-14.0
6.513889,-33.0
6.516667,-52.0
6.519444,-71.0
6.522222,-92.0
6.525000,-108.0
6.527778,-120.0
6.530556,-126.0
6.533333,-129.0
6.536111,-130.0
6.538889,-130.0
6.541667,-127.0
6.544444,-125.0
6.547222,-124.0
6.550000,-122.0
6.552778,-121.0
6.555556,-120.0
6.558333,-126.0
6.561111,-138.0
6.563889,-159.0
6.566667,-188.0
6.569444,-223.0
6.572222,-261.0
6.575000,-291.0
6.577778,-297.0
6.580556,-266.0
6.583333,-182.0
6.586111,-35.0
6.588889,178.0
6.591667,489.0
6.594444,757.0
6.597222,995.0
6.600000,1218.0
6.602778,1429.0
6.605556,1595.0
6.608333,1622.0
6.611111,1473.0
6.613889,1271.0
6.616667,1026.0
6.619444,731.0
6.622222,387.0
6.625000,27.0
6.627778,-251.0
6.630556,-437.0
6.633333,-520.0
6.636111,-537.0
6.638889,-509.0
6.641667,-463.0
6.644444,-410.0
6.647222,-361.0
6.650000,-324.0
6.652778,-302.0
6.655556,-290.0
6.658333,-285.0
6.661111,-280.0
6.663889,-276.0
6.666667,-272.0
6.669444,-269.0
6.672222,-266.0
6.675000,-264.0
6.677778,-263.0
6.680556,-263.0
6.683333,-261.0
6.686111,-259.0
6.688889,-255.0
6.691667,-251.0
6.694444,-248.0
6.697222,-246.0
6.700000,-245.0
6.702778,-245.0
6.705556,-244.0
6.708333,-240.0
6.711111,-236.0
6.713889,-232.0
6.716667,-227.0
6.719444,-224.0
6.722222,-224.0
6.725000,-225.0
6.727778,-231.0
6.730556,-235.0
6.733333,-239.0
6.736111,-242.0
6.738889,-243.0
6.741667,-241.0
6.744444,-237.0
6.747222,-229.0
6.750000,-222.0
6.752778,-211.0
6.755556,-200.0
6.758333,-189.0
6.761111,-179.0
6.763889,-168.0
6.766667,-157.0
6.769444,-145.0
6.772222,-132.0
6.775000,-116.0
6.777778,-101.0
6.780556,-83.0
6.783333,-65.0
6.786111,-49.0
6.788889,-34.0
6.791667,-21.0
6.794444,-13.0
6.797222,-8.0
6.800000,-8.0
6.802778,-12.0
6.805556,-20.0
6.808333,-32.0
6.811111,-45.0
6.813889,-59.0
6.816667,-73.0
6.819444,-86.0
6.822222,-98.0
6.825000,-107.0
6.827778,-112.0
6.830556,-115.0
6.833333,-118.0
6.836111,-121.0
6.838889,-125.0
6.841667,-127.0
6.844444,-128.0
6.847222,-131.0
6.850000,-134.0
6.852778,-136.0
6.855556,-136.0
6.858333,-134.0
6.861111,-131.0
6.863889,-129.0
6.866667,-128.0
6.869444,-125.0
6.872222,-122.0
6.875000,-122.0
6.877778,-122.0
6.880556,-124.0
6.883333,-125.0
6.886111,-122.0
6.888889,-118.0
6.891667,-114.0
6.894444,-110.0
6.897222,-109.0
6.900000,-107.0
6.902778,-107.0
6.905556,-108.0
6.908333,-109.0
6.911111,-105.0
6.913889,-97.0
6.916667,-84.0
6.919444,-67.0
6.922222,-46.0
6.925000,-21.0
6.927778,-1.0
6.930556,14.0
6.933333,21.0
6.936111,23.0
6.938889,18.0
6.941667,7.0
6.944444,-11.0
6.947222,-32.0
6.950000,-55.0
6.952778,-77.0
6.955556,-96.0
6.958333,-113.0
6.961111,-126.0
6.963889,-134.0
6.966667,-138.0
6.969444,-141.0
6.972222,-142.0
6.975000,-143.0
6.977778,-144.0
6.980556,-144.0
6.983333,-144.0
6.986111,-142.0
6.988889,-140.0
6.991667,-140.0
6.994444,-142.0
6.997222,-152.0
7.000000,-158.0
7.002778,-182.0
7.005556,-220.0
7.008333,-266.0
7.011111,-307.0
7.013889,-324.0
7.016667,-300.0
7.019444,-239.0
7.022222,-117.0
7.025000,74.0
7.027778,352.0
7.030556,670.0
7.033333,994.0
7.036111,1285.0
7.038889,1507.0
7.041667,1646.0
7.044444,1654.0
7.047222,1519.0
7.050000,1280.0
7.052778,962.0
7.055556,609.0
7.058333,262.0
7.061111,-50.0
7.063889,-287.0
7.066667,-451.0
7.069444,-544.0
7.072222,-571.0
7.075000,-552.0
7.077778,-507.0
7.080556,-453.0
7.083333,-400.0
7.086111,-352.0
7.088889,-318.0
7.091667,-297.0
7.094444,-286.0
7.097222,-281.0
7.100000,-280.0
7.102778,-278.0
7.105556,-275.0
7.108333,-273.0
7.111111,-268.0
7.113889,-264.0
7.116667,-262.0
7.119444,-258.0
7.122222,-255.0
7.125000,-251.0
7.127778,-245.0
7.130556,-241.0
7.133333,-236.0
7.136111,-230.0
7.138889,-227.0
7.141667,-226.0
7.144444,-225.0
7.147222,-224.0
7.150000,-221.0
7.152778,-217.0
7.155556,-213.0
7.158333,-210.0
7.161111,-207.0
7.163889,-206.0
7.166667,-204.0
7.169444,-204.0
7.172222,-204.0
7.175000,-204.0
7.177778,-203.0
7.180556,-197.0
7.183333,-190.0
7.186111,-182.0
7.188889,-171.0
7.191667,-160.0
7.194444,-149.0
7.197222,-137.0
7.200000,-126.0
7.202778,-112.0
7.205556,-98.0
7.208333,-82.0
7.211111,-64.0
7.213889,-46.0
7.216667,-28.0
7.219444,-12.0
7.222222,4.0
7.225000,18.0
7.227778,28.0
7.230556,35.0
7.233333,39.0
7.236111,38.0
7.238889,33.0
7.241667,24.0
7.244444,13.0
7.247222,1.0
7.250000,-11.0
7.252778,-24.0
7.255556,-38.0
7.258333,-52.0
7.261111,-65.0
7.263889,-77.0
7.266667,-89.0
7.269444,-98.0
7.272222,-106.0
7.275000,-112.0
7.277778,-115.0
7.280556,-117.0
7.283333,-116.0
7.286111,-114.0
7.288889,-112.0
7.291667,-111.0
7.294444,-110.0
7.297222,-110.0
7.300000,-110.0
7.302778,-111.0
7.305556,-110.0
7.308333,-108.0
7.311111,-105.0
7.313889,-101.0
7.316667,-97.0
7.319444,-92.0
7.322222,-85.0
7.325000,-77.0
7.327778,-71.0
7.330556,-64.0
7.333333,-59.0
7.336111,-56.0
7.338889,-54.0
7.341667,-53.0
7.344444,-51.0
7.347222,-47.0
7.350000,-41.0
7.352778,-29.0
7.355556,-12.0
7.358333,10.0
7.361111,34.0
7.363889,59.0
7.366667,79.0
7.369444,92.0
7.372222,98.0
7.375000,97.0
7.377778,89.0
7.380556,76.0
7.383333,56.0
7.386111,34.0
7.388889,11.0
7.391667,-10.0
7.394444,-30.0
7.397222,-48.0
7.400000,-64.0
7.402778,-73.0
7.405556,-77.0
7.408333,-78.0
7.411111,-76.0
7.413889,-75.0
7.416667,-71.0
7.419444,-67.0
7.422222,-64.0
7.425000,-62.0
7.427778,-61.0
7.430556,-61.0
7.433333,-67.0
7.436111,-81.0
7.438889,-103.0
7.441667,-132.0
7.444444,-164.0
7.447222,-196.0
7.450000,-221.0
7.452778,-226.0
7.455556,-199.0
7.458333,-128.0
7.461111,-4.0
7.463889,174.0
7.466667,421.0
7.469444,679.0
7.472222,910.0
7.475000,1131.0
7.477778,1346.0
7.480556,1465.0
7.483333,1471.0
7.486111,1345.0
7.488889,1131.0
7.491667,879.0
7.494444,578.0
7.497222,229.0
7.500000,-75.0
7.502778,-317.0
7.505556,-485.0
7.508333,-568.0
7.511111,-585.0
7.513889,-553.0
7.516667,-496.0
7.519444,-430.0
7.522222,-364.0
7.525000,-306.0
7.527778,-262.0
7.530556,-232.0
7.533333,-216.0
7.536111,-209.0
7.538889,-207.0
7.541667,-205.0
7.544444,-202.0
7.547222,-198.0
7.550000,-195.0
7.552778,-191.0
7.555556,-186.0
7.558333,-178.0
7.561111,-171.0
7.563889,-165.0
7.566667,-160.0
7.569444,-154.0
7.572222,-150.0
7.575000,-145.0
7.577778,-143.0
7.580556,-140.0
7.583333,-135.0
7.586111,-130.0
7.588889,-126.0
7.591667,-122.0
7.594444,-120.0
7.597222,-118.0
7.600000,-116.0
7.602778,-116.0
7.605556,-116.0
7.608333,-115.0
7.611111,-113.0
7.613889,-110.0
7.616667,-106.0
7.619444,-99.0
7.622222,-91.0
7.625000,-82.0
7.627778,-72.0
7.630556,-61.0
7.633333,-50.0
7.636111,-38.0
7.638889,-27.0
7.641667,-16.0
7.644444,-2.0
7.647222,12.0
7.650000,27.0
7.652778,44.0
7.655556,60.0
7.658333,76.0
7.661111,91.0
7.663889,103.0
7.666667,113.0
7.669444,119.0
7.672222,120.0
7.675000,118.0
7.677778,112.0
7.680556,102.0
7.683333,90.0
7.686111,77.0
7.688889,63.0
7.691667,50.0
7.694444,37.0
7.697222,24.0
7.700000,11.0
7.702778,0.0
7.705556,-10.0
7.708333,-19.0
7.711111,-29.0
7.713889,-38.0
7.716667,-43.0
7.719444,-48.0
7.722222,-51.0
7.725000,-52.0
7.727778,-53.0
7.730556,-53.0
7.733333,-53.0
7.736111,-53.0
7.738889,-53.0
7.741667,-53.0
7.744444,-52.0
7.747222,-53.0
7.750000,-52.0
7.752778,-50.0
7.755556,-48.0
7.758333,-41.0
7.761111,-30.0
7.763889,-18.0
7.766667,-7.0
7.769444,2.0
7.772222,9.0
7.775000,14.0
7.777778,14.0
7.780556,12.0
7.783333,13.0
7.786111,19.0
7.788889,26.0
7.791667,37.0
7.794444,46.0
7.797222,57.0
7.800000,70.0
7.802778,80.0
7.805556,85.0
7.808333,86.0
7.811111,85.0
7.813889,84.0
7.816667,78.0
7.819444,65.0
7.822222,47.0
7.825000,27.0
7.827778,6.0
7.830556,-15.0
7.833333,-36.0
7.836111,-54.0
7.838889,-66.0
7.841667,-75.0
7.844444,-81.0
7.847222,-83.0
7.850000,-84.0
7.852778,-83.0
7.855556,-82.0
7.858333,-81.0
7.861111,-80.0
7.863889,-78.0
7.866667,-76.0
7.869444,-77.0
7.872222,-85.0
7.875000,-101.0
7.877778,-127.0
7.880556,-157.0
7.883333,-189.0
7.886111,-220.0
7.888889,-238.0
7.891667,-232.0
7.894444,-190.0
7.897222,-92.0
7.900000,62.0
7.902778,284.0
7.905556,580.0
7.908333,895.0
7.911111,1191.0
7.913889,1433.0
7.916667,1591.0
7.919444,1644.0
7.922222,1563.0
7.925000,1348.0
7.927778,1049.0
7.930556,708.0
7.933333,368.0
7.936111,50.0
7.938889,-215.0
7.941667,-408.0
7.944444,-532.0
7.947222,-583.0
7.950000,-578.0
7.952778,-533.0
7.955556,-466.0
7.958333,-396.0
7.961111,-330.0
7.963889,-275.0
7.966667,-234.0
7.969444,-207.0
7.972222,-193.0
7.975000,-190.0
7.977778,-186.0
7.980556,-184.0
7.983333,-180.0
7.986111,-176.0
7.988889,-171.0
7.991667,-167.0
7.994444,-161.0
7.997222,-155.0
8.000000,-158.0
8.002778,-160.0
8.005556,-155.0
8.008333,-138.0
8.011111,-116.0
8.013889,-103.0
8.016667,-99.0
8.019444,-91.0
8.022222,-85.0
8.025000,-81.0
8.027778,-83.0
8.030556,-88.0
8.033333,-92.0
8.036111,-90.0
8.038889,-86.0
8.041667,-82.0
8.044444,-81.0
8.047222,-83.0
8.050000,-86.0
8.052778,-84.0
8.055556,-79.0
8.058333,-68.0
8.061111,-56.0
8.063889,-42.0
8.066667,-32.0
8.069444,-25.0
8.072222,-14.0
8.075000,-1.0
8.077778,11.0
8.080556,25.0
8.083333,38.0
8.086111,52.0
8.088889,70.0
8.091667,88.0
8.094444,108.0
8.097222,129.0
8.100000,150.0
8.102778,169.0
8.105556,184.0
8.108333,191.0
8.111111,193.0
8.113889,187.0
8.116667,177.0
8.119444,162.0
8.122222,146.0
8.125000,127.0
8.127778,110.0
8.130556,93.0
8.133333,78.0
8.136111,64.0
8.138889,51.0
8.141667,40.0
8.144444,32.0
8.147222,27.0
8.150000,23.0
8.152778,19.0
8.155556,15.0
8.158333,10.0
8.161111,7.0
8.163889,3.0
8.166667,0.0
8.169444,-2.0
8.172222,-4.0
8.175000,-5.0
8.177778,-5.0
8.180556,-6.0
8.183333,-9.0
8.186111,-11.0
8.188889,-14.0
8.191667,-14.0
8.194444,-13.0
8.197222,-8.0
8.200000,0.0
8.202778,9.0
8.205556,19.0
8.208333,26.0
8.211111,29.0
8.213889,29.0
8.216667,27.0
8.219444,23.0
8.222222,22.0
8.225000,26.0
8.227778,35.0
8.230556,49.0
8.233333,67.0
8.236111,88.0
8.238889,108.0
8.241667,124.0
8.244444,132.0
8.247222,133.0
8.250000,128.0
8.252778,117.0
8.255556,101.0
8.258333,78.0
8.261111,54.0
8.263889,31.0
8.266667,10.0
8.269444,-6.0
8.272222,-19.0
8.275000,-31.0
8.277778,-40.0
8.280556,-45.0
8.283333,-46.0
8.286111,-47.0
8.288889,-50.0
8.291667,-53.0
8.294444,-54.0
8.297222,-53.0
8.300000,-50.0
8.302778,-48.0
8.305556,-48.0
8.308333,-54.0
8.311111,-70.0
8.313889,-94.0
8.316667,-128.0
8.319444,-168.0
8.322222,-207.0
8.325000,-231.0
8.327778,-229.0
8.330556,-184.0
8.333333,-86.0
8.336111,77.0
8.338889,311.0
8.341667,611.0
8.344444,864.0
8.347222,1086.0
8.350000,1290.0
8.352778,1481.0
8.355556,1611.0
8.358333,1597.0
8.361111,1435.0
8.363889,1223.0
8.366667,971.0
8.369444,674.0
8.372222,333.0
8.375000,-9.0
8.377778,-267.0
8.380556,-433.0
8.383333,-500.0
8.386111,-507.0
8.388889,-476.0
8.391667,-430.0
8.394444,-377.0
8.397222,-328.0
8.400000,-288.0
8.402778,-263.0
8.405556,-246.0
8.408333,-235.0
8.411111,-227.0
8.413889,-222.0
8.416667,-221.0
8.419444,-220.0
8.422222,-221.0
8.425000,-223.0
8.427778,-223.0
8.430556,-221.0
8.433333,-217.0
8.436111,-210.0
8.438889,-203.0
8.441667,-198.0
8.444444,-194.0
8.447222,-191.0
8.450000,-190.0
8.452778,-188.0
8.455556,-186.0
8.458333,-183.0
8.461111,-178.0
8.463889,-173.0
8.466667,-169.0
8.469444,-165.0
8.472222,-164.0
8.475000,-166.0
8.477778,-169.0
8.480556,-171.0
8.483333,-172.0
8.486111,-170.0
8.488889,-167.0
8.491667,-161.0
8.494444,-154.0
8.497222,-145.0
8.500000,-134.0
8.502778,-123.0
8.505556,-113.0
8.508333,-103.0
8.511111,-92.0
8.513889,-79.0
8.516667,-66.0
8.519444,-55.0
8.522222,-41.0
8.525000,-24.0
8.527778,-7.0
8.530556,9.0
8.533333,25.0
8.536111,41.0
8.538889,54.0
8.541667,62.0
8.544444,64.0
8.547222,62.0
8.550000,57.0
8.552778,48.0
8.555556,38.0
8.558333,24.0
8.561111,10.0
8.563889,-2.0
8.566667,-15.0
8.569444,-27.0
8.572222,-36.0
8.575000,-44.0
8.577778,-53.0
8.580556,-58.0
8.583333,-64.0
8.586111,-67.0
8.588889,-69.0
8.591667,-71.0
8.594444,-74.0
8.597222,-74.0
8.600000,-75.0
8.602778,-75.0
8.605556,-76.0
8.608333,-75.0
8.611111,-75.0
8.613889,-74.0
8.616667,-73.0
8.619444,-71.0
8.622222,-70.0
8.625000,-68.0
8.627778,-67.0
8.630556,-65.0
8.633333,-63.0
8.636111,-60.0
8.638889,-55.0
8.641667,-51.0
8.644444,-48.0
8.647222,-46.0
8.650000,-46.0
8.652778,-48.0
8.655556,-51.0
8.658333,-55.0
8.661111,-55.0
8.663889,-52.0
8.666667,-43.0
8.669444,-29.0
8.672222,-10.0
8.675000,8.0
8.677778,30.0
8.680556,48.0
8.683333,60.0
8.686111,64.0
8.688889,64.0
8.691667,55.0
8.694444,43.0
8.697222,24.0
8.700000,4.0
8.702778,-14.0
8.705556,-31.0
8.708333,-47.0
8.711111,-60.0
8.713889,-70.0
8.716667,-76.0
8.719444,-82.0
8.722222,-84.0
8.725000,-85.0
8.727778,-85.0
8.730556,-83.0
8.733333,-83.0
8.736111,-83.0
8.738889,-79.0
8.741667,-77.0
8.744444,-76.0
8.747222,-80.0
8.750000,-92.0
8.752778,-111.0
8.755556,-138.0
8.758333,-171.0
8.761111,-207.0
8.763889,-240.0
8.766667,-258.0
8.769444,-246.0
8.772222,-183.0
8.775000,-62.0
8.777778,121.0
8.780556,374.0
8.783333,698.0
8.786111,1010.0
8.788889,1276.0
8.791667,1465.0
8.794444,1594.0
8.797222,1602.0
8.800000,1481.0
8.802778,1224.0
8.805556,917.0
8.808333,597.0
8.811111,290.0
8.813889,-10.0
8.816667,-246.0
8.819444,-414.0
8.822222,-508.0
8.825000,-537.0
8.827778,-522.0
8.830556,-474.0
8.833333,-418.0
8.836111,-362.0
8.838889,-312.0
8.841667,-275.0
8.844444,-252.0
8.847222,-237.0
8.850000,-233.0
8.852778,-231.0
8.855556,-230.0
8.858333,-227.0
8.861111,-223.0
8.863889,-217.0
8.866667,-211.0
8.869444,-206.0
8.872222,-201.0
8.875000,-196.0
8.877778,-192.0
8.880556,-190.0
8.883333,-188.0
8.886111,-184.0
8.888889,-179.0
8.891667,-175.0
8.894444,-172.0
8.897222,-170.0
8.900000,-166.0
8.902778,-164.0
8.905556,-164.0
8.908333,-166.0
8.911111,-167.0
8.913889,-168.0
8.916667,-170.0
8.919444,-174.0
8.922222,-174.0
8.925000,-171.0
8.927778,-165.0
8.930556,-160.0
8.933333,-150.0
8.936111,-139.0
8.938889,-126.0
8.941667,-113.0
8.944444,-99.0
8.947222,-86.0
8.950000,-73.0
8.952778,-61.0
8.955556,-48.0
8.958333,-33.0
8.961111,-17.0
8.963889,-1.0
8.966667,17.0
8.969444,37.0
8.972222,57.0
8.975000,74.0
8.977778,89.0
8.980556,97.0
8.983333,101.0
8.986111,101.0
8.988889,97.0
8.991667,85.0
8.994444,70.0
8.997222,54.0
9.000000,45.0
9.002778,43.0
9.005556,34.0
9.008333,20.0
9.011111,3.0
9.013889,-13.0
9.016667,-21.0
9.019444,-30.0
9.022222,-40.0
9.025000,-50.0
9.027778,-57.0
9.030556,-60.0
9.033333,-60.0
9.036111,-60.0
9.038889,-63.0
9.041667,-66.0
9.044444,-67.0
9.047222,-63.0
9.050000,-58.0
9.052778,-52.0
9.055556,-51.0
9.058333,-52.0
9.061111,-56.0
9.063889,-54.0
9.066667,-52.0
9.069444,-48.0
9.072222,-45.0
9.075000,-42.0
9.077778,-40.0
9.080556,-38.0
9.083333,-36.0
9.086111,-33.0
9.088889,-32.0
9.091667,-32.0
9.094444,-32.0
9.097222,-30.0
9.100000,-26.0
9.102778,-20.0
9.105556,-7.0
9.108333,8.0
9.111111,30.0
9.113889,51.0
9.116667,71.0
9.119444,87.0
9.122222,100.0
9.125000,104.0
9.127778,104.0
9.130556,98.0
9.133333,89.0
9.136111,77.0
9.138889,60.0
9.141667,40.0
9.144444,19.0
9.147222,-1.0
9.150000,-21.0
9.152778,-38.0
9.155556,-53.0
9.158333,-64.0
9.161111,-68.0
9.163889,-71.0
9.166667,-73.0
9.169444,-75.0
9.172222,-77.0
9.175000,-77.0
9.177778,-73.0
9.180556,-71.0
9.183333,-68.0
9.186111,-68.0
9.188889,-73.0
9.191667,-84.0
9.194444,-107.0
9.197222,-138.0
9.200000,-172.0
9.202778,-206.0
9.205556,-229.0
9.208333,-232.0
9.211111,-202.0
9.213889,-131.0
9.216667,-13.0
9.219444,168.0
9.222222,420.0
9.225000,679.0
9.227778,956.0
9.230556,1216.0
9.233333,1388.0
9.236111,1465.0
9.238889,1419.0
9.241667,1249.0
9.244444,1012.0
9.247222,699.0
9.250000,348.0
9.252778,36.0
9.255556,-223.0
9.258333,-420.0
9.261111,-554.0
9.263889,-624.0
9.266667,-637.0
9.269444,-607.0
9.272222,-549.0
9.275000,-478.0
9.277778,-404.0
9.280556,-336.0
9.283333,-281.0
9.286111,-239.0
9.288889,-214.0
9.291667,-200.0
9.294444,-191.0
9.297222,-184.0
9.300000,-176.0
9.302778,-168.0
9.305556,-160.0
9.308333,-151.0
9.311111,-142.0
9.313889,-137.0
9.316667,-133.0
9.319444,-128.0
9.322222,-122.0
9.325000,-115.0
9.327778,-108.0
9.330556,-101.0
9.333333,-94.0
9.336111,-89.0
9.338889,-86.0
9.341667,-85.0
9.344444,-85.0
9.347222,-85.0
9.350000,-85.0
9.352778,-86.0
9.355556,-83.0
9.358333,-81.0
9.361111,-77.0
9.363889,-70.0
9.366667,-63.0
9.369444,-55.0
9.372222,-45.0
9.375000,-38.0
9.377778,-29.0
9.380556,-20.0
9.383333,-13.0
9.386111,-3.0
9.388889,8.0
9.391667,20.0
9.394444,35.0
9.397222,50.0
9.400000,65.0
9.402778,80.0
9.405556,96.0
9.408333,111.0
9.411111,126.0
9.413889,140.0
9.416667,153.0
9.419444,167.0
9.422222,178.0
9.425000,184.0
9.427778,185.0
9.430556,182.0
9.433333,176.0
9.436111,165.0
9.438889,149.0
9.441667,129.0
9.444444,108.0
9.447222,87.0
9.450000,64.0
9.452778,42.0
9.455556,21.0
9.458333,4.0
9.461111,-10.0
9.463889,-24.0
9.466667,-34.0
9.469444,-42.0
9.472222,-49.0
9.475000,-55.0
9.477778,-61.0
9.480556,-65.0
9.483333,-70.0
9.486111,-75.0
9.488889,-79.0
9.491667,-82.0
9.494444,-84.0
9.497222,-85.0
9.500000,-84.0
9.502778,-83.0
9.505556,-81.0
9.508333,-77.0
9.511111,-72.0
9.513889,-67.0
9.516667,-62.0
9.519444,-55.0
9.522222,-48.0
9.525000,-42.0
9.527778,-39.0
9.530556,-36.0
9.533333,-35.0
9.536111,-35.0
9.538889,-33.0
9.541667,-27.0
9.544444,-17.0
9.547222,-2.0
9.550000,12.0
9.552778,28.0
9.555556,45.0
9.558333,56.0
9.561111,61.0
9.563889,59.0
9.566667,51.0
9.569444,40.0
9.572222,25.0
9.575000,5.0
9.577778,-16.0
9.580556,-38.0
9.583333,-59.0
9.586111,-76.0
9.588889,-91.0
9.591667,-104.0
9.594444,-116.0
9.597222,-124.0
9.600000,-129.0
9.602778,-130.0
9.605556,-131.0
9.608333,-134.0
9.611111,-134.0
9.613889,-131.0
9.616667,-127.0
9.619444,-123.0
9.622222,-121.0
9.625000,-122.0
9.627778,-129.0
9.630556,-143.0
9.633333,-167.0
9.636111,-200.0
9.638889,-235.0
9.641667,-270.0
9.644444,-292.0
9.647222,-287.0
9.650000,-246.0
9.652778,-157.0
9.655556,-13.0
9.658333,185.0
9.661111,447.0
9.663889,744.0
9.666667,984.0
9.669444,1184.0
9.672222,1352.0
9.675000,1408.0
9.677778,1352.0
9.680556,1171.0
9.683333,891.0
9.686111,601.0
9.688889,295.0
9.691667,-29.0
9.694444,-290.0
9.697222,-489.0
9.700000,-616.0
9.702778,-676.0
9.705556,-670.0
9.708333,-626.0
9.711111,-565.0
9.713889,-500.0
9.716667,-437.0
9.719444,-385.0
9.722222,-341.0
9.725000,-317.0
9.727778,-304.0
9.730556,-298.0
9.733333,-295.0
9.736111,-293.0
9.738889,-291.0
9.741667,-291.0
9.744444,-291.0
9.747222,-288.0
9.750000,-286.0
9.752778,-283.0
9.755556,-281.0
9.758333,-278.0
9.761111,-273.0
9.763889,-270.0
9.766667,-268.0
9.769444,-265.0
9.772222,-263.0
9.775000,-260.0
9.777778,-257.0
9.780556,-254.0
9.783333,-252.0
9.786111,-250.0
9.788889,-248.0
9.791667,-244.0
9.794444,-241.0
9.797222,-239.0
9.800000,-238.0
9.802778,-235.0
9.805556,-232.0
9.808333,-228.0
9.811111,-225.0
9.813889,-219.0
9.816667,-211.0
9.819444,-203.0
9.822222,-194.0
9.825000,-183.0
9.827778,-168.0
9.830556,-150.0
9.833333,-132.0
9.836111,-112.0
9.838889,-94.0
9.841667,-75.0
9.844444,-58.0
9.847222,-42.0
9.850000,-25.0
9.852778,-8.0
9.855556,6.0
9.858333,17.0
9.861111,24.0
9.863889,28.0
9.866667,26.0
9.869444,17.0
9.872222,4.0
9.875000,-11.0
9.877778,-26.0
9.880556,-42.0
9.883333,-57.0
9.886111,-72.0
9.888889,-86.0
9.891667,-101.0
9.894444,-116.0
9.897222,-129.0
9.900000,-138.0
9.902778,-145.0
9.905556,-151.0
9.908333,-155.0
9.911111,-157.0
9.913889,-159.0
9.916667,-162.0
9.919444,-167.0
9.922222,-172.0
9.925000,-175.0
9.927778,-177.0
9.930556,-180.0
9.933333,-180.0
9.936111,-178.0
9.938889,-174.0
9.941667,-170.0
9.944444,-169.0
9.947222,-168.0
9.950000,-167.0
9.952778,-167.0
9.955556,-166.0
9.958333,-161.0
9.961111,-156.0
9.963889,-150.0
9.966667,-145.0
9.969444,-142.0
9.972222,-138.0
9.975000,-136.0
9.977778,-132.0
9.980556,-125.0
9.983333,-113.0
9.986111,-97.0
9.988889,-74.0
9.991667,-53.0
9.994444,-35.0
9.994444,
